judge_id,specialization,speed,complexity_handling,historical_win_rate,score
1,0.6872700594236812,0.9091961642353419,0.5102922471479012,0.49170225492671693,0.9412319946077079
2,0.9753571532049581,0.8406585285177397,0.9849549260809971,0.5521211214797689,0.9987293420560205
3,0.8659969709057025,1.4063233020424546,0.9162213204002109,0.6623782158161189,0.9429885907511608
4,0.7993292420985183,1.2207805082202463,0.6061695553391381,0.615972509321058,0.9198993650918097
5,0.5780093202212182,1.295650804457232,0.5909124836035503,0.5456145700990209,0.876390319924118
